Country name,PR % change,CL % change,A % change,B % change,C % change,D % change,E % change,F % change,G % change,Total % change,Happiness % change,Log GDP per capita % change,Social support % change,Healthy life expectancy at birth % change,Freedom to make life choices % change,Generosity % change,Perceptions of corruption % change
Afghanistan,0.9072799131715217,0.15515220794925466,1.3611111111111112,1.0277777777777777,0.6944444444444444,0.17888888888888888,0.10250000000000001,1.0,0.1111111111111111,0.41214610676861396,0.4681189567459922,0.0015616494909465382,0.30420530787573397,0.00025161872005795136,0.24415225344693578,15.358684089625857,0.1061560209408158
Albania,0.019643994429047337,0.0012824621959237345,0.015625,0.09591715976331361,0.027777777777777776,0.0,0.02797067901234568,0.0,0.0,0.004922607040043223,0.018580740544384907,0.00018978060031675322,0.039095308316131595,3.425597486338275e-05,0.054911510592858356,322.78986378672136,0.006458087082179608
Algeria,0.008264462809917356,0.010280555555555555,0.0625,0.0,0.0,0.02040816326530612,0.10250000000000001,0.04000000000000001,0.0,0.004276534143068993,0.028325690211097626,6.096248114273509e-05,0.013561300719139573,1.1374934798706231e-05,0.489014242703962,204582.442977426,0.009846564297555345
Angola,0.0,0.0027700831024930744,0.0,0.0,0.0,0.015625,0.0,0.0,0.0,0.0011111111111111111,0.0013057664964939658,1.2921229433152305e-06,0.0020945782178984117,0.00013967885601651227,0.007308737282884157,0.36504272450638237,0.00047008162253985047
Argentina,0.005945656453967531,0.0016670140335045582,0.0,0.009546485260770975,0.1111111111111111,0.00510204081632653,0.0,0.008264462809917356,0.011019200579640141,0.0021723381992516826,0.014174280644867877,0.000275285212086928,0.0036196409345647714,1.0362142137934208e-05,0.03687873175504399,90.45128518119031,0.0030918751093380885
Armenia,0.14340879984221017,0.005518617151954088,0.3177777777777778,0.25145124716553285,0.1111111111111111,0.015625,0.027777777777777776,0.06777777777777778,0.010000000000000002,0.02368475693762793,0.04229861526389554,0.0003312644567873023,0.035192167883254,0.00011185123007965772,0.12160302925174021,0.07494439727096903,0.07145343401069058
Australia,0.0012824621959237345,0.0006050521719113061,0.0,0.008350694444444445,0.0,0.00390625,0.0,0.0,0.0044444444444444444,0.0006355293825078817,0.0006725271411854643,2.2377662712917854e-05,0.0021579832865461675,1.0426408872400446e-05,0.0046972090124850355,1.2537228902557942,0.12368179400953382
Austria,0.0006925207756232686,0.0006050521719113061,0.0,0.0,0.008264462809917356,0.008350694444444445,0.0,0.0,0.0,0.00033248365016481024,0.008330985355640932,7.588083028137044e-05,0.01419456601640191,2.5888899226925205e-05,0.024700514450265203,628.5261219018498,0.05603133340259789
Azerbaijan,0.24138888888888888,0.08326803776931288,1.0,0.1111111111111111,1.25,0.1736111111111111,0.25,0.4236111111111111,0.048185941043083894,0.0931324296879099,0.003912803387326016,2.6047999201355387e-05,0.02036177828605833,5.5515356409723186e-05,0.029714854813500755,0.07560401948286222,0.06736091441161005
Bahrain,0.5677777777777777,0.027777777777777776,0.1111111111111111,1.0,0.1111111111111111,0.1111111111111111,0.25,0.0,0.0,0.04804898116654069,0.02459780448232008,1.5698999293996412e-05,0.002192281261720793,3.0439934495696172e-05,0.014440284157962205,5.293707837156305,0.0
Bangladesh,0.04691373655594441,0.013915803627277814,0.17101536911060722,0.046235141822263036,0.04000000000000001,0.048378842277651796,0.048185941043083894,0.06777777777777778,0.0,0.020231402319001873,0.10302305513480846,0.0003520275252305619,0.18384150237536037,0.00016273560001609647,0.05987622765653824,1596.9856182245087,0.08174807390739927
Belarus,0.13027777777777777,0.11811308349769888,0.0,0.1736111111111111,1.0,0.1111111111111111,4.0,1.0,0.16000000000000003,0.08863053064363,0.03048381666323792,4.798707466844471e-05,0.005591307051480148,0.00019918928175305115,0.020737199630511818,1.5104473531559222,0.06988383576137508
Belgium,0.0006250000000000001,0.00127612062582563,0.0,0.0,0.006944444444444444,0.0,0.0,0.020565685840411116,0.0,0.00032559148865257426,0.0018036322389822898,6.923304706360808e-05,0.010947463281136896,4.225647247427521e-05,0.018225868175346327,463.13440383567786,0.1007363924396232
Belize,0.0,0.0,0.0,0.0,0.0,0.0,0.0,0.0,0.0,0.0,0.0,0.0,0.0,0.0,0.0,0.0,0.0
Benin,0.15634007778386838,0.00807071725813479,0.3731558641975309,0.16390625000000003,0.09725765306122448,0.0044444444444444444,0.06755688195082135,0.021126067017675408,0.0,0.03807131100410201,0.14188168972892043,0.00011158485518544532,0.17219677486697327,0.00025335250579532146,0.02458132049765089,63.44374085113068,0.09492387408380291
Bhutan,0.07565567549333782,0.015625,0.0625,0.0625,0.09397833207357016,0.015625,0.1111111111111111,0.04000000000000001,0.0,0.03861035166929651,0.013662898988908165,6.166331912476467e-05,0.007005264499477033,1.6679219021751975e-05,0.0009034190739982886,0.059585458855344095,0.03655878457538545
Bolivia,0.019068652478827438,0.004542503747170272,0.11076446280991736,0.008264462809917356,0.0,0.0,0.03797067901234568,0.02040816326530612,0.012345679012345678,0.007111031276635256,0.009328748798432032,0.00022366537523185254,0.011012335563743357,6.0042872354506596e-05,0.003069814639605678,12.846036502691215,0.01897705733877697
Bosnia and Herzegovina,0.016362880766412912,0.0037381672902908427,0.03603316326530612,0.018264462809917358,0.06777777777777778,0.0,0.0,0.05562500000000001,0.0,0.005582352737752922,0.03539943118145537,0.00020031686917887674,0.09490416714696012,3.3291516237294103e-06,0.3359818783468986,36.697220352263344,0.007127302545170249
Botswana,0.0,0.0009664169525543186,0.0,0.0,0.0,0.00591715976331361,0.0,0.006944444444444444,0.0,0.0003702675151098617,0.010067176559234281,0.000103256290331227,0.007912548793630113,0.00024927761412604446,0.00989633497613025,1.8539960111901541,0.05917911997974512
Brazil,0.005824788419623346,0.0037959908524609893,0.008264462809917356,0.0,0.09027777777777778,0.009546485260770975,0.010000000000000002,0.02234567901234568,0.00591715976331361,0.0026095766594440295,0.012126652986809462,8.755211793969691e-05,0.011603436109595307,6.271730884531367e-05,0.04195523727100257,31.53199561499588,0.011491163875630232
Bulgaria,0.013731123581995214,0.0023443937975799528,0.018264462809917358,0.0044444444444444444,0.0640038422776518,0.00510204081632653,0.0,0.008264462809917356,0.023473370064279155,0.0024857039426991667,0.03483404901033562,0.00016850393165121914,0.015575326645801033,2.5057304021291683e-05,0.05926095001868612,74.68023391352922,0.0084566462527368
Burkina Faso,2.00830135975959,0.02684196047647938,4.387777777777778,0.3248456790123457,25.5625,0.03468783963289458,0.02797067901234568,0.08421910430839002,0.04359567901234568,0.13215794101629988,0.09357907138594906,0.00010126788838737303,0.03502656010605697,0.00042510038665402865,0.07517386112096444,12399.394703130485,0.04507876312755216
Burundi,0.0,0.0,0.0,0.0,0.0,0.0,0.0,0.0,0.0,0.0,0.0,0.0,0.0,0.0,0.0,0.0,0.0
Cambodia,0.21838791960004084,0.007267573696145125,0.6736111111111112,0.2847222222222222,0.1111111111111111,0.02797067901234568,0.0,0.25,0.0,0.026214967424463526,0.05016061756394295,0.00032486805076209236,0.02384542160710072,0.00013834212993442006,0.0009161970177170778,105.07965563889981,0.0057773983974524585
Cameroon,0.10582404257999495,0.06760348322520526,0.6944444444444444,0.0,0.3611111111111111,0.0881859410430839,0.1111111111111111,1.25,0.0625,0.04978796816095032,0.054180404275595666,3.626186648942482e-05,0.04592568539567193,0.0012510166382855758,0.04603763309171937,48.295446052322085,0.01111640290969041
Canada,0.0012824621959237345,0.0005845389324278117,0.0,0.0,0.0152089072543618,0.00390625,0.008264462809917356,0.0,0.0,0.00020615368702655564,0.004164061023210513,6.311823491373308e-05,0.00148276821224594,4.874975550613799e-06,0.009053766585047675,11.271353811445826,0.08914869779352572
Central African Republic,9.0,0.0,4.0,1.0,0.0,0.0,0.0,0.0,0.0,0.18367346938775508,0.08449095695733978,1.4543362217821839e-05,0.010268192178475148,0.00015105603983255636,0.0011535939335039077,1.1815195243435377,0.001259908556617053
Chad,0.10250000000000001,0.015625,0.3611111111111111,0.0,0.0,0.02040816326530612,0.10250000000000001,0.25,0.0,0.015353993449231546,0.08720365168641105,0.0002557867682376343,0.06673614418805641,0.00033162617963236905,0.12670475076621673,16.308350489684912,0.016861603757621597
Chile,0.0020804431614666525,0.011980320726372113,0.0,0.0,0.0252089072543618,0.008350694444444445,0.05430670339761249,0.009546485260770975,0.009546485260770975,0.0032568157885107573,0.013523660883911099,0.0001635780727049581,0.005203867707318712,4.584212153723006e-05,0.13224730581972724,21.035062604564967,0.02463805832308264
China,,0.03179705215419501,0.0,1.0,0.25,0.4236111111111111,0.1111111111111111,0.0,0.0,0.07599373221375733,0.01747803395468133,0.0003149440227958254,0.01606272905615846,4.9667161241786406e-05,0.011953274913188946,1.8397348264661355,0.0
Colombia,0.0026472523165644857,0.003955048500189291,0.0,0.010000000000000002,0.02040816326530612,0.0,0.06777777777777778,0.03603316326530612,0.010000000000000002,0.0017279250929703623,0.03446978249584497,0.00024385434628816806,0.022024691226871153,6.62131051205573e-05,0.014570251853795613,3.2074779957588686,0.013088006018738836
Comoros,0.015625,0.004162330905306971,0.012345679012345678,0.03305785123966942,0.0,0.0,0.02040816326530612,0.015625,0.0,0.008264462809917356,0.02561173343928546,2.4556951091212376e-08,0.00029714756348286924,8.88065944127824e-06,0.0015312778193041204,0.010705358531424505,0.0015774551595725522
Congo (Brazzaville),0.40818594104308387,0.053099377073306205,1.0,0.1111111111111111,1.1111111111111112,0.03603316326530612,0.31777777777777777,0.25,0.048185941043083894,0.08105930503614667,0.12632284153396198,0.0006336816037020626,0.036575860618716996,0.00033476630996703827,0.12104449531639762,7.172084958225762,0.015008733061811344
Congo (Kinshasa),0.308641975308642,0.21051782024793386,1.0,0.0625,0.25,0.02040816326530612,0.0,0.0,16.04,0.1201,0.04111877405766936,9.226069941424515e-05,0.07116381428405447,0.00031795071610235943,0.04914001004063281,46.667890354126456,0.021785477950808582
Costa Rica,0.001422980965542918,0.0,0.0,0.0,0.018264462809917358,0.0,0.0,0.0,0.0,0.00024421515264006106,0.02534865421616081,0.00012073183296030797,0.016244309637562144,1.0521020717519795e-05,0.010673952052454718,710.565821365718,0.02021407308805351
Cote d'Ivoire,0.18840342264756615,0.138910487426217,0.18941043083900228,0.6801658163265306,0.10250000000000001,0.11790353025201511,0.2706859410430839,0.10250000000000001,0.2777777777777778,0.14948627348928542,0.08083717244325374,0.00022816858199515127,0.05272497801664218,0.0010586167624399897,0.016211340293119665,15.849345355871824,0.022363977213725315
Croatia,0.0015020651281912544,0.0004,0.0,0.0044444444444444444,0.012345679012345678,0.00510204081632653,0.0,0.0,0.0,0.0004025342904410485,0.050253966269285306,0.000477430330427365,0.09250868145474705,5.2070610627089306e-05,0.2586576161993391,4384.008399427446,0.01510961595140401
Cyprus,0.001422980965542918,0.0006494560634171024,0.008264462809917356,0.00390625,0.018264462809917358,0.0,0.0152089072543618,0.0,0.0,0.00046256143548615306,0.015024831067140476,0.0002475674700963814,0.014078983767996591,6.377310423254577e-05,0.08015244772242373,31.668886173399034,0.012730068759762465
Czech Republic,0.0021155017411661867,0.0003077870113881194,0.0,0.0,0.026528925619834713,0.00390625,0.0,0.0,0.0,0.0004479534114407316,0.004435975440553376,0.0001005034222255866,0.004273825746156858,2.278474400526444e-05,0.01697396010998224,5.533492765920935,0.004448616622102049
Denmark,0.0,0.00029726516052318666,0.0,0.0,0.0,0.0,0.0,0.0044444444444444444,0.0,0.00010412328196584754,0.0017937206712179434,4.0815479980818174e-05,0.001009573435018011,4.1434358323760105e-05,0.002706554502268284,9.325108926956052,0.39549319970302776
Dominican Republic,0.009758968459120096,0.0026798604561768923,0.010000000000000002,0.0252089072543618,0.02797067901234568,0.0044444444444444444,0.0,0.0,0.018264462809917358,0.0036553395893703772,0.08166229338010791,0.000361060862169087,0.01578235116871959,9.73125133791533e-05,0.007610730305711182,9.442837885596628,0.028998689391890042
Ecuador,0.03008398491083676,0.017827027520909353,0.16103316326530612,0.0152089072543618,0.027777777777777776,0.028070511462119856,0.15778927311665406,0.048185941043083894,0.0,0.012215780272822477,0.02126220961754952,0.0001380864060225881,0.008229796082206062,0.0001454583941166348,0.03314006474645292,68.50754607838236,0.070463984131568
Egypt,0.3077557712899975,0.09003764187051871,1.8055555555555556,0.44472222222222224,0.4722222222222222,0.19277777777777777,0.54,0.6111111111111112,0.03603316326530612,0.13449691799456612,0.17836291005523425,7.693020753309424e-05,0.15808316441389725,0.00011300898117242374,0.12724407926831152,1.877203822979991,0.2194404143328329
El Salvador,0.029327815158229877,0.014720557068143163,0.046042240587695134,0.011019200579640141,0.18595679012345678,0.046944444444444455,0.0,0.048378842277651796,0.058378842277651805,0.015441549218917858,0.06438384854497325,0.00023706225686307724,0.03791694174227076,0.00022180514810582494,0.044450540567969335,0.6675798343599549,0.06861296050924644
Estonia,0.0006574621959237343,0.0,0.0,0.0,0.006944444444444444,0.0,0.0,0.0,0.0,0.00011080332409972299,0.010725367338867132,0.00012374290211405965,0.0017873786255688216,0.00010852717447791055,0.013286478982692513,6.260577879696372,0.175470767130391
Eswatini,0.0,0.0,0.0,0.0,0.0,0.0,0.0,0.0,0.0,0.0,0.0019201722030349855,4.332122543048434e-06,0.0006700772004224372,0.0002633208937728564,0.025462927160120285,0.005275766403027793,0.0020264641762902406
Ethiopia,0.9298469387755102,0.35215794306703396,1.0,,0.0625,1.1111111111111112,,0.1111111111111111,0.04000000000000001,0.4773076331178825,0.023158681598447004,0.0004249661119439576,0.03736112248819117,0.000494382206815826,0.03347915876579859,1551.818720094786,0.11975646610108942
Finland,0.0,0.0,0.0,0.0,0.0,0.0,0.0,0.0,0.0,0.0,0.0018192347776180313,2.9742879243617723e-05,0.0017393971065687583,2.737521948796501e-05,0.0018862505823872278,880.8837247853237,0.16619047654673832
France,0.0,0.005650413243422707,0.0,0.0,0.0,0.0044444444444444444,0.0152089072543618,0.017777777777777778,0.0044444444444444444,0.002017068338235629,0.002302655387278044,0.00010922676406619055,0.010377324730389256,1.7410168945827164e-05,0.015454807815713166,1.0843615538358706,0.010525919812872698
Gabon,0.3248456790123457,0.04777286088027086,1.0,0.1736111111111111,0.3611111111111111,0.03797067901234568,0.0625,0.25,0.0,0.08651824498317805,0.04080233105183731,3.069439882858648e-05,0.041261689606362596,0.000362332303830783,0.22504143185033187,0.21460062768366955,0.030555747687305363
Georgia,0.012892903384603846,0.005932381684172256,0.0640038422776518,0.04061014182226304,0.0,0.0252089072543618,0.03603316326530612,0.02040816326530612,0.018264462809917358,0.005383759861668161,0.022628682618068163,0.0003923685322306435,0.05276527004361368,3.110568737768127e-05,0.15197318996448422,0.20454620634700688,0.27256480314823955
Germany,0.0,0.0006266645624085276,0.0,0.0,0.0,0.0044444444444444444,0.0,0.0044444444444444444,0.0,0.00021931026854416744,0.009453347969611533,3.046371839772779e-05,0.008510983907983171,5.618536889345889e-05,0.036600951348540724,22.30061805078147,0.10566599565429977
Ghana,0.0015020651281912544,0.002736057424473348,0.0,0.009546485260770975,0.0,0.0,0.008264462809917356,0.0152089072543618,0.010000000000000002,0.0008817663026787432,0.15985899275811868,0.00011083696573435176,0.047593164103499355,0.00042077606882434465,0.1284396937012039,5905.3026638822885,0.012690026473410292
Greece,0.0015879314688838496,0.001634988418136362,0.0,0.0,0.02797067901234568,0.0,0.0152089072543618,0.010000000000000002,0.00591715976331361,0.0011017656035777338,0.054830123790302665,0.00020783605024602504,0.09354575348454847,2.4427666424609848e-05,0.3261896645409398,1.1995269322555164,0.05914892339457995
Guatemala,0.003626470279353077,0.009730261633038837,0.012345679012345678,0.0,0.04000000000000001,0.022153351698806244,0.02040816326530612,0.11596371882086168,0.0,0.0051988831464717476,0.014201597205532799,2.9446790030332623e-05,0.007422155248647611,8.392448722674406e-05,0.00678926773348552,85.24843462673226,0.0029751045156608193
Guinea,0.1176957057332737,0.013650204664625923,0.6702777777777778,0.015625,0.3611111111111111,0.030610141822263036,0.06777777777777778,0.0,0.04000000000000001,0.024677097125522934,0.16376836923149415,0.00024919952769038913,0.09670617826417797,0.0005188741097989192,0.05365153681031508,110.67436566667867,0.03672344826799061
Haiti,0.037475111083184263,0.003336111111111111,0.5469444444444445,0.02797067901234568,0.10250000000000001,0.0,0.04000000000000001,0.0,0.04000000000000001,0.007172716304733851,0.058377736445230054,4.126707257456531e-06,0.06275775140326185,0.02638939393849574,0.5354326623511316,0.15304734133215134,0.08413249294609787
Honduras,0.02869609452481105,0.02298800331963844,0.048185941043083894,0.04359567901234568,0.2361111111111111,0.018264462809917358,0.13027777777777777,0.1841326530612245,0.012345679012345678,0.013344347586867358,0.04002645682874174,3.697804873879677e-05,0.019466029938572008,0.0002537573213462666,0.40956651690255563,69.30614298042208,0.00722397805392555
Hong Kong,0.008350694444444445,0.01735384603012109,0.0,0.03603316326530612,0.0,0.03777777777777778,0.0625,0.03867262607522348,0.0,0.008579397493664305,0.004772140244064563,8.299154451340076e-05,0.0026125664630469183,0.0,0.005085414865487437,6.59153723493609,0.015912235964747175
Hungary,0.02497105447100291,0.009670060604791378,0.0625,0.030639381985535834,0.048378842277651796,0.04147958712394277,0.0152089072543618,0.008264462809917356,0.00510204081632653,0.011175095588932314,0.022132752117619055,0.00020998300653947194,0.010055697763727119,4.666251446422728e-05,0.15876844399668355,2.0329789551847366,0.014562310723457558
Iceland,0.003157462195923735,0.0002777777777777778,0.0,0.0,0.03604224058769513,0.0,0.0,0.00390625,0.0,0.0010020304050607082,0.00029190953757476874,0.00010876282750468923,0.0004033510220105397,6.030789545140741e-07,0.0013464457002148832,0.6561242983698957,0.02494326102756411
India,0.0025464303368406185,0.020687663041535062,0.008264462809917356,0.011019200579640141,0.0,0.0419331018631718,0.06388946280991736,0.02797067901234568,0.010000000000000002,0.007421992900126971,0.15399978965564562,0.00044548130835280646,0.053323690694236967,0.0002506390229812389,0.024294895920309884,68.06604632795731,0.013143238822591247
Indonesia,0.002151693837437854,0.009415427548375963,0.018264462809917358,0.011019200579640141,0.0,0.0252089072543618,0.048378842277651796,0.0,0.0,0.003029201431774697,0.04167254753790421,0.00014729388752898395,0.043788070516001934,5.30517568349892e-05,0.02162500204611533,0.049288705061343176,0.015535868871781213
Iran,0.15929705215419498,0.018264462809917358,0.3611111111111111,0.0,1.25,0.3611111111111111,0.0,0.0,0.0,0.029538084977999916,0.0489553118603869,0.00013184739044010498,0.09501523834173292,4.513540611581547e-05,0.04323797461152448,1.2458972219369615,0.02077337474545982
Iraq,0.138044688787847,0.02877067986958097,0.02040816326530612,0.23812500000000003,1.0,0.04000000000000001,0.25,0.0,0.0,0.04507131581614374,0.015256724813329747,0.0001689651664178444,0.017496504537030038,0.00023704818054151128,0.04639197992147888,467.267423885992,0.04103837113876393
Ireland,0.0,0.0006050521719113061,0.0,0.0,0.0,0.0,0.0,0.0044444444444444444,0.0044444444444444444,0.00021478816455285126,0.006919999002224504,0.0006890285152856879,0.018667629200041065,1.9677747699348438e-05,0.013204470519265366,4003.654493133577,0.10766365009117386
Israel,0.004955184706266957,0.0015511889687529262,0.0,0.00510204081632653,0.05562500000000001,0.0,0.030610141822263036,0.0,0.0,0.0011263587184540532,0.012454333589530757,9.107159923866042e-05,0.008471525270987478,3.266469550741847e-05,0.03614136447379929,4.857603981107089,0.015644975215941628
Italy,0.003995766312368629,0.00035599857600569594,0.008264462809917356,0.0044444444444444444,0.012345679012345678,0.0,0.0,0.006944444444444444,0.0,0.0007662324017677834,0.006744890548464058,0.00014081955487390337,0.01181970701789495,1.1550223510645745e-05,0.08549010756724074,8.996066182584435,0.00722448390877093
Jamaica,0.0009182736455463729,0.002066115702479339,0.0,0.0,0.015625,0.0,0.010000000000000002,0.015625,0.0,0.0008451146635536836,0.029740338277394383,0.00016776503021657778,0.000555241882321657,0.0,0.06392616890888951,0.8188291561274025,0.01264032728097808
Japan,0.0035793029556023324,0.0032924428664002545,0.0,0.0044444444444444444,0.04000000000000001,0.011019200579640141,0.018264462809917358,0.0,0.00591715976331361,0.0029445310940777146,0.0025745127491097015,3.0327670354879245e-05,0.002639458025002622,2.5330360973711818e-05,0.010836856656128793,4.980067834217319,0.03732473131167077
Jordan,0.0252089072543618,0.010026470279353078,0.3611111111111111,0.04000000000000001,0.0,0.0,0.6180555555555556,0.027777777777777776,0.015625,0.00989217698438907,0.033898805462203446,0.00016180904649311107,0.02329172417109619,1.4294257558899226e-05,0.013541145472771916,8.825026004905673,0.009966405505136354
Kazakhstan,0.027777777777777776,0.011816710468036243,0.25,0.0,0.0,0.04000000000000001,1.3611111111111112,0.0,0.0,0.012089850087752187,0.013941849029678481,5.564360658932459e-05,0.04599104301652027,0.0004528373800107929,0.04285096911890748,19946.11961410291,0.09190116272048994
Kenya,0.02086261501845917,0.011947798033334654,0.048185941043083894,0.04000000000000001,0.0,0.031933101863171796,0.0638109410430839,0.027777777777777776,0.0,0.006206515966066308,0.10051681128271882,0.0001227714629296196,0.018000315184780537,0.0005180468851694517,0.07251074804224684,0.4685565655122834,0.010304291519819066
Kosovo,0.14606163100076386,0.02071582203698601,0.2779706790123457,0.05623514182226304,0.1736111111111111,0.015625,0.1111111111111111,0.04000000000000001,0.05644132653061224,0.04987264128769245,0.06717193874157416,0.00035373457548014067,0.03516183834371533,0.0,0.3595641223989967,180.83272035085238,0.05591232144656435
Kuwait,0.024187248428783278,0.001736111111111111,0.0,0.059382716049382715,0.04000000000000001,0.02040816326530612,0.0,0.0,0.0,0.0057398449640964425,0.003827463052820906,5.2766336712336184e-05,0.0018875344132260976,1.6626572626105014e-05,0.015428285192604047,19.280744381867674,0.0
Kyrgyzstan,0.45546364502408454,0.020497191175396303,0.31777777777777777,0.18777777777777782,1.0,0.012345679012345678,0.21027777777777779,0.25,0.0,0.08360139984794342,0.06165799637877638,0.00021757491004179043,0.01330675428642644,0.0005418634005031538,0.02690519454561564,530.3761004135098,0.015467150687615167
Laos,1.0,0.0152089072543618,0.0,0.0,1.0,0.0625,0.0,0.0,0.04000000000000001,0.032879818594104306,0.012303999335609276,4.7023425362403795e-05,0.010455514351909808,9.885211893388567e-05,0.0005775158212728438,3.6834720902999893,0.05954051913642807
Latvia,0.006636563139993388,0.0007542899977022948,0.0,0.014648526077097504,0.048378842277651796,0.0044444444444444444,0.0,0.006944444444444444,0.012861604207758054,0.0010700579636773132,0.022542720302251785,0.00011880706113841662,0.008224701645101612,5.817144973955779e-05,0.07636386259992657,3.586433681036448,0.015557599066810042
Lebanon,0.15550498164461837,0.011478950781882298,0.9844444444444445,0.04938271604938271,1.6111111111111112,0.023473370064279155,0.02040816326530612,0.0,0.06979087931468883,0.012649348805496752,0.20801205509683945,0.0006781612997649358,0.17381421817476686,1.0732495862721655e-05,0.20817066221459135,52.97761960135425,0.011049767485851606
Lesotho,0.0012755102040816326,0.0026298487836949372,0.0,0.006944444444444444,0.0,0.02040816326530612,0.0,0.0,0.0,0.0020049008687903764,1.1482047759016607e-05,3.144723355701476e-05,0.0013670945623530924,0.00023668750177929706,0.001371456319953155,0.21101867628592497,0.005281215465269671
Liberia,0.0071926699673952425,0.020047788358577918,0.012345679012345678,0.008264462809917356,0.027777777777777776,0.010000000000000002,0.03603316326530612,0.048185941043083894,0.05165816326530612,0.010826147683683812,0.38865850291591614,6.966571704282296e-05,0.018454416983132736,0.0005075557292095709,0.047222910519157134,24.058917984048204,0.00503722257149725
Libya,0.7569444444444444,0.12607709750566892,1.6025,0.3611111111111111,0.0,0.1111111111111111,0.1111111111111111,1.0,0.29000000000000004,0.23418778872719542,0.00421032360475242,0.0009496140309525032,0.003801649300371801,4.846963610188414e-05,0.007210360863329543,1.9718800756506227,0.005631113978153775
Lithuania,0.0007304601899196495,0.0007258210612127965,0.0,0.0,0.012345679012345678,0.00390625,0.0,0.012861604207758054,0.00591715976331361,0.0003676719427635179,0.029667594387701817,0.00014389964529535427,0.003144183146895699,0.00021378329663694677,0.16792781399593812,0.8812500454180282,0.0986459505567612
Luxembourg,0.0012824621959237345,0.0,0.0,0.0,0.0152089072543618,0.0,0.0,0.0,0.0,0.0002020304050607081,0.004796691671352169,6.82986949740235e-06,0.008080343619382509,1.6269545160266166e-05,0.04191663165143685,15.649931965676549,0.08381568159366731
Madagascar,1.532164689567287,0.009546485260770975,25.25,0.38797067901234567,9.0625,0.012345679012345678,0.02040816326530612,0.06777777777777778,0.03603316326530612,0.1019695212162777,0.019466091883632852,1.4172531912620025e-05,0.05724349161235812,0.00011465143713195551,0.01465591535908018,18.780738388609695,0.054648342236947894
Malawi,0.0028510320533112555,0.008515927317947333,0.0,0.008264462809917356,0.02040816326530612,0.038975011002983034,0.02040816326530612,0.0,0.0,0.003192575684970617,0.08306274840537856,3.772933482536464e-05,0.030337271747730342,0.0012700658068097869,0.010214310136965742,6878.541413597037,0.02820907890435436
Malaysia,0.03027777777777778,0.024263966730134028,0.0,0.09725765306122448,0.04000000000000001,0.12194901108591584,0.04000000000000001,0.16000000000000003,0.0,0.02545407465366498,0.016688417171389882,8.826569190095058e-05,0.011737658798670236,3.401663161239358e-06,0.0317942305593389,1.6103513731628663,0.032725035500135016
Maldives,0.0,0.0,0.0,0.0,0.0,0.0,0.0,0.0,0.0,0.0,0.0,0.0,0.0,0.0,0.0,0.0,0.0
Mali,6.000345593575121,0.1872214727519177,25.637777777777778,1.9388109410430838,1.25,0.16409837006427916,0.25,1.1111111111111112,0.0,0.7390944103543928,0.12204585138987946,9.818878542905517e-05,0.10209076572231604,0.00046542434001346615,0.07577324572173878,6777.542919537589,0.11342759497401564
Malta,0.006688764701585215,0.0012545082353284083,0.0,0.015625,0.018264462809917358,0.008350694444444445,0.0,0.0044444444444444444,0.0044444444444444444,0.0022047549318747017,0.012810095460871473,0.0003645113626697298,0.0046650709043401664,1.6271773422709897e-05,0.005637953874592258,6793.041873324869,0.06118911516524102
Mauritania,0.08244056728905214,0.003956474870721305,0.4444444444444444,0.1111111111111111,0.04000000000000001,0.010000000000000002,0.0,0.0,0.04000000000000001,0.01327049429879887,0.049390582363241,4.594798445504228e-05,0.034860784084073594,0.00011039867855268,0.20228269320011605,22.9981537962895,0.10841919089106998
Mauritius,0.001422980965542918,0.0014792899408284025,0.006944444444444444,0.0,0.008264462809917356,0.0044444444444444444,0.006944444444444444,0.0,0.0,0.0007605613833428404,0.018748526808279126,0.0003277719747729542,0.008436054836602142,9.180091259592761e-07,0.02182710573200229,10.719874197091478,0.012077399136978816
Mexico,0.006581330757154932,0.00468550869010894,0.0,0.006944444444444444,0.08163265306122448,0.018778763971071664,0.015625,0.027777777777777776,0.010000000000000002,0.0036519934874258103,0.06415892760978054,0.00011729462223932696,0.0663244923848132,9.112388312493138e-06,0.04998215970413802,7.399977422727208,0.041764803012274004
Moldova,0.03478128873989675,0.0024529833719980367,0.030610141822263036,0.0304178145087236,0.2761111111111111,0.023473370064279155,0.0,0.03603316326530612,0.0,0.008273945534560796,0.01613235672690978,0.000445731415057924,0.027619086620177834,0.00034705069228267883,0.2618002697614645,1.5665956558703527,0.015125814485845903
Mongolia,0.0,0.0008164931278633902,0.0,0.0,0.0,0.0044444444444444444,0.0,0.006944444444444444,0.0,0.000273616525158086,0.014504147043508626,0.000148781754301906,0.006480105163962838,0.00011974864560545388,0.044595526654903274,4.6174687152170915,0.004591401080959151
Montenegro,0.01114139122155322,0.0038187626648980505,0.012345679012345678,0.018264462809917358,0.048185941043083894,0.012861604207758054,0.010000000000000002,0.010000000000000002,0.006944444444444444,0.004456760403762637,0.013353088446741046,0.00035966262626516414,0.08587305023845104,1.4101341569888668e-05,0.07228207120833546,12.77085487543665,0.03722239486824243
Morocco,0.009546485260770975,0.004451032053311255,0.0,0.048185941043083894,0.0,0.015625,0.09555555555555556,0.027777777777777776,0.0,0.005576278198213075,0.04245158873747536,0.00016995999719654668,0.04921849877588119,1.730603800913215e-05,0.03763736038155848,0.11120290770691883,0.06618027250046338
Mozambique,0.0025000000000000005,0.0009182736455463729,0.027777777777777776,0.0,0.0,0.03305785123966942,0.0,0.0,0.015625,0.0007258210612127965,0.018389858064383716,2.3826345784892036e-06,0.012793272458676851,0.0002407544404381719,0.011985497584036582,6.5201672601637535,0.00961251681309427
Myanmar,0.13988412273460557,0.02127954259045666,0.4444444444444444,0.13908179012345678,0.1111111111111111,0.09637188208616779,0.13027777777777777,0.0,0.04000000000000001,0.04274904287690571,0.05894135884610879,0.0009186135163227358,0.007569949066444602,0.0003066122155732651,0.0899878404747639,0.11451888274049812,0.021284617009277425
Namibia,0.005867353679482098,0.0004526935264825713,0.010000000000000002,0.008264462809917356,0.012345679012345678,0.0,0.006944444444444444,0.0,0.0,0.0013857611364104872,0.02509084400807292,0.0001309565461673768,0.02580169055347827,0.00022347208798411235,0.01654775208394919,0.3704270008383604,0.009049940491563766
Nepal,0.029462581390464187,0.019298879097931834,0.38797067901234567,0.008264462809917356,0.0625,0.03469135802469136,0.09555555555555556,0.06777777777777778,0.02040816326530612,0.010208309793602197,0.12478389150000092,0.00029761186565845186,0.043754521900105474,0.00014417750680383273,0.02914606798222206,1.2775044351592983,0.031088096585364135
Netherlands,0.0006250000000000001,0.0002872737719046251,0.0,0.0,0.006944444444444444,0.0,0.0,0.0,0.00390625,0.00020615368702655564,0.002013485688581469,5.682927907461786e-05,0.00521369335145827,8.374186914023941e-06,0.012005335951816454,1.085507129242298,0.2933778382829198
New Zealand,0.0006574621959237343,0.0015284132060756643,0.0,0.0044444444444444444,0.0,0.0,0.0,0.009546485260770975,0.0044444444444444444,0.0006355293825078817,0.002497645269877634,3.271043834619489e-05,0.0060594753924439835,8.171128394747076e-06,0.010182468152684747,1.5387537406905738,0.4952101034801664
Nicaragua,0.3812788490552378,0.117038571069734,1.25,0.19401927437641722,0.548888888888889,0.17858226279492512,0.3877777777777778,0.19401927437641722,0.052345679012345686,0.1551800451887422,0.03385778465613527,0.00024225576184237543,0.004061180046013324,1.3925358474018074e-05,0.14484211302020877,13.059719714210262,0.06656184000810217
Niger,0.023809733459458735,0.005719954648526077,0.07484567901234568,0.02234567901234568,0.02040816326530612,0.0,0.0625,0.04000000000000001,0.0,0.008430443183190436,0.07718526957543961,5.128570876252832e-05,0.04684929244780835,0.0002998289624015951,0.06050316477203046,7.432949311802999,0.12927413265300383
Nigeria,0.10118804620260771,0.0016,0.3611111111111111,0.012345679012345678,0.13027777777777777,0.0,0.02040816326530612,0.0,0.0,0.020667707283023008,0.15775442792898375,5.452482473137377e-05,0.008128469567479906,0.00021811097593350744,0.03817275290630189,29.77004414428826,0.009988554917224467
North Macedonia,0.04479886295672226,0.008124133763864314,0.14544359410430838,0.04887460463218039,0.11596371882086168,0.026528925619834713,0.0,0.05165816326530612,0.008264462809917356,0.014104824629917027,0.023280011740029333,0.00012461136262918469,0.04895788178019435,6.749396516115209e-05,0.02576659884957343,50.20859732125708,0.015351777293214554
Norway,0.0,0.0,0.0,0.0,0.0,0.0,0.0,0.0,0.0,0.0,0.0013739482658134449,1.5851431074865922e-05,0.0020310914439875564,1.1372390072526824e-05,0.0012229212308570163,3.6464350222434083,0.4028097313440413
Pakistan,0.03478465850315467,0.023876286051610726,0.07596371882086167,0.048378842277651796,0.10777777777777779,0.0881859410430839,0.06859410430839002,0.10250000000000001,0.0,0.01294973850829337,0.08295193620023851,0.00013519634862316703,0.044138332152876915,0.00018626984868170868,0.10811346294553831,3.2671722132955807,0.07748259972174396
Panama,0.0015879314688838496,0.0009252833185430627,0.0,0.0,0.02797067901234568,0.0,0.010000000000000002,0.012345679012345678,0.0,0.0002938799484543249,0.022581218994447073,8.222848215331287e-05,0.0024047337759828175,2.169657034573255e-05,0.02981480240874655,100.27522656390256,0.006934341627668825
Paraguay,0.0028510320533112555,0.008039459551133473,0.0,0.0,0.10250000000000001,0.008264462809917356,0.0,0.18777777777777782,0.018264462809917358,0.004796751448625921,0.03957733935704104,5.535727370121526e-05,0.00542214568857342,5.8756271303376986e-06,0.03854206708448308,24.11378775382301,0.06706597307227884
Peru,0.004451865590641712,0.000594883997620464,0.018264462809917358,0.0,0.048185941043083894,0.0,0.0,0.0,0.010000000000000002,0.0009702016140123299,0.05522740796790118,0.0003595767612391339,0.018974242916764025,7.349952777377037e-05,0.018119910041715738,2.672889285153659,0.0062586262948580405
Philippines,0.0043303219941396584,0.012873941889324256,0.0,0.018264462809917358,0.02040816326530612,0.02040816326530612,0.0640038422776518,0.10250000000000001,0.0,0.006127098199506482,0.08120087087934047,0.0003479006787180929,0.012505396204699249,2.8613685421273576e-06,0.002144069017381211,9.99320990056045,0.01846917948690241
Poland,0.0030109124344267677,0.007154129884075321,0.0152089072543618,0.0,0.02234567901234568,0.02072704081632653,0.027777777777777776,0.021126067017675408,0.0,0.0047238945511346355,0.017581060531717627,0.0001840398903867119,0.014600677282076441,5.978308553076885e-05,0.06714785849361664,139.97943524525093,0.12029901123418243
Portugal,0.0,0.0006050521719113061,0.0,0.0,0.0,0.0,0.006944444444444444,0.0044444444444444444,0.0,0.00021478816455285126,0.01933621258899055,0.00016846214208443393,0.004265174934303966,4.5191477853179004e-05,0.02002918809635181,0.6447020448068153,0.007405176877914409
Qatar,0.0,0.0,0.0,0.0,0.0,0.0,0.0,0.0,0.0,0.0,0.0,0.0,0.0,0.0,0.0,0.0,0.0
Romania,0.012151819367452863,0.002118666037936132,0.05520890725436181,0.0,0.03797067901234568,0.00510204081632653,0.018264462809917358,0.0,0.0,0.003543797782726255,0.03075442888153351,0.0002568952189423638,0.007415081613434958,3.9466909960339783e-05,0.029791649570563218,0.6249637729240504,0.003935430385633144
Russia,0.08163265306122448,0.03578144236688212,1.0,0.0,0.1111111111111111,0.1736111111111111,0.1736111111111111,0.1111111111111111,0.048185941043083894,0.0273401735580978,0.023415434562488666,6.341534371303406e-05,0.010083511322152055,0.0003423476640454707,0.05309724961536835,8.46128587365343,0.016529358000136284
Rwanda,0.04359567901234568,0.01571715205690119,0.0,1.25,0.0625,0.165,0.0,0.1111111111111111,0.0,0.011759845496383958,0.03674357422721545,0.00024862787088066323,0.13855009542614724,0.0003338560867670234,0.004273375261168064,5.639525208840602,0.7908469956344439
Saudi Arabia,,0.02040816326530612,0.0,0.0,0.0,0.1111111111111111,0.0,0.0,0.0,0.09,0.003944851335568084,0.00010349523543944504,0.018223699865914076,8.901717952140251e-05,0.04849654961104682,4.524599707872292,0.0
Senegal,0.005023092482984227,0.014892428583355533,0.018264462809917358,0.00591715976331361,0.02797067901234568,0.022879818594104307,0.07764717885930007,0.02234567901234568,0.02234567901234568,0.008062226399704796,0.08675974323055129,0.00013198436352424928,0.10432265076642815,0.00023439956787419362,0.07089427746052682,7.813231223266566,0.04806342522696268
Serbia,0.028486499135300908,0.005611464313963804,0.05031635802469136,0.03879697835741792,0.048185941043083894,0.015463645024084585,0.02826446280991736,0.010000000000000002,0.00591715976331361,0.011394625380423302,0.0504111905126207,0.0001498924144775829,0.024176604411330425,3.0012865189410983e-05,0.05105710982105135,26.065301272522717,0.010742588054737021
Sierra Leone,0.002300171753203858,0.004615501741166187,0.0,0.006944444444444444,0.015625,0.00591715976331361,0.03603316326530612,0.0,0.02234567901234568,0.0031940565485924118,0.16705323237772873,0.0011846358485224197,0.17958168067901303,0.0013241476709897413,0.020081115091627782,3.783418631476616,0.012200300047738612
Singapore,0.0,0.002813109791092746,0.0,0.0,0.0,0.03234567901234568,0.0,0.0,0.0,0.0011241124829093954,0.021599624185578863,3.391863096335875e-05,0.009348956276559529,1.961807835169724e-05,0.00563559156569087,4.221843219574671,6.637330056026306
Slovakia,0.0015020651281912544,0.001399335101730204,0.0,0.0,0.02234567901234568,0.013452735260770975,0.0,0.00591715976331361,0.0,0.0010051382122995105,0.008395767532495269,7.973390653195431e-05,0.0025855401661647494,8.677386955890653e-05,0.05170488116433059,9.002639268600166,0.0015939333825646788
Slovenia,0.001349982971547003,0.006131553432849633,0.0,0.0044444444444444444,0.008264462809917356,0.009546485260770975,0.027777777777777776,0.009546485260770975,0.00591715976331361,0.003237782597570638,0.01296253436820577,0.00015486386589750516,0.002617062273958677,5.36251600090821e-05,0.022489687977283887,249.3559039715193,0.011607018601508414
Somalia,0.0,0.0,0.0,0.0,0.0,0.0,0.0,0.0,0.0,0.0,0.017402723117407502,0.00028412736584199804,0.000423699484172593,0.0001543869345811217,0.014295574202693385,7.43212644661782,0.01581044475210776
South Africa,0.00275988804866056,0.003155221590148001,0.0,0.01612124139596667,0.03603316326530612,0.0,0.023473370064279155,0.010000000000000002,0.008264462809917356,0.0009342594423388702,0.13071805635230702,8.518747535613642e-05,0.00851689398208564,0.001121332877040765,0.03862521955837818,22.861618080451336,0.023161767519112406
South Korea,0.0060247015813405976,0.0016009606403585843,0.0,0.009546485260770975,0.05562500000000001,0.023880804787398194,0.0,0.00591715976331361,0.006944444444444444,0.0012971061838458996,0.006315470681199744,5.5081573899103475e-05,0.01180331107775106,0.00011867945119549525,0.055231169116008796,106.54503993734258,0.02938589342613339
South Sudan,4.5625,0.29107340976331364,0.5069444444444444,,1.25,0.18367346938775508,0.1111111111111111,1.0,1.04,0.6552735260770975,0.08889999836401183,0.0,0.01554309381502944,2.6882661750896882e-05,0.030600620058998128,0.0,0.014176288799943296
Spain,0.002699965943094006,0.001300178602925935,0.0152089072543618,0.0,0.036528925619834715,0.008350694444444445,0.006944444444444444,0.014648526077097504,0.0,0.0011445935870872301,0.005545074239070202,0.00021633231840820032,0.004664841934294447,2.676006378302674e-05,0.011489333386266821,7.187612913379878,0.016952226857131856
Sri Lanka,0.001736111111111111,0.005844739779637998,0.015625,0.027777777777777776,0.048185941043083894,0.048378842277651796,0.015625,0.02040816326530612,0.0,0.0017571823700926479,0.048003589245316836,6.922265897226175e-05,0.00820734026469571,0.0001150986694505343,0.008529174693298319,5.226330004759474,0.03451527415323325
Sudan,0.0,0.0,0.0,0.0,0.0,0.0,0.0,0.0,0.0,0.0,0.0,0.0,0.0,0.0,0.0,0.0,0.0
Sweden,0.0,0.0005650515496824029,0.0,0.0,0.0,0.008350694444444445,0.0,0.008350694444444445,0.0,0.0002020304050607081,0.0015548356864900433,4.259376410025528e-05,0.0014313063607060408,2.186061845151033e-05,0.0012555885426463898,1.729107686503543,0.12516772257952558
Switzerland,0.0,0.0,0.0,0.0,0.0,0.0,0.0,0.0,0.0,0.0,0.0058056729410660415,2.321946205530472e-05,0.005404881175805867,5.427146735018593e-05,0.005284794310457161,35.185548467552294,0.30116378092608453
Syria,0.0,0.0,0.0,0.0,0.0,0.0,0.0,0.0,0.0,0.0,0.0,0.0,0.0,0.0,0.0,0.0,0.0
Taiwan,0.0015020651281912544,0.0036053220510135504,0.008264462809917356,0.0,0.010000000000000002,0.02040816326530612,0.018264462809917358,0.00510204081632653,0.00591715976331361,0.0012327727284945369,0.011232030746521042,2.5087054162900024e-05,0.006609456829857839,0.0,0.01592252189700361,12166.936211894712,0.014824375723625072
Tajikistan,1.775829081632653,0.1123290265180146,1.25,1.0625,1.25,0.54,0.1736111111111111,0.3611111111111111,0.0,0.22438438998571575,0.026404759342513205,0.00025733561315357796,0.20484278439214693,4.070876932832834e-05,0.11860560064095191,789.2427107646954,0.1366501536727368
Tanzania,0.14089670262152348,0.053830592858995496,0.29837884227765177,0.1375709527765805,0.12421910430839003,0.06764717885930008,0.0881859410430839,0.17568130802979287,0.04938271604938271,0.06820962564413094,0.08481403476502865,9.139424976891214e-05,0.08421342638469265,0.0007016860585902304,0.03238460955244915,5.767301600789047,0.07531043028290844
Thailand,0.536547396506812,0.053571435167155144,,0.4822530864197531,0.27111111111111114,0.1723456790123457,0.2761111111111111,0.027777777777777776,0.0,0.16398779090466892,0.034878256439581264,0.00010841981802051448,0.012052371625796372,2.258536942068407e-05,0.03287296448009641,0.514708791590749,0.012677224953737649
The Gambia,2.25,0.598781179138322,1.7777777777777777,0.6400000000000001,,1.7981859410430838,2.29,4.444444444444445,0.0,1.1120181439619274,0.040543008627227275,5.359018609634621e-05,0.00048188129680527695,5.628779381468187e-05,0.016712465824988754,8.238623137521396,0.06766136278023538
Togo,0.027777777777777776,0.004764742599378237,0.1511111111111111,0.03603316326530612,0.0,0.0,0.07596371882086167,0.02040816326530612,0.0,0.008670650610620754,0.13350974630331022,7.176362426368446e-05,0.05150473650976475,0.0004746800100460193,0.06693040983522289,10.042487765028099,0.05631399150756778
Trinidad and Tobago,0.0,0.0,0.0,0.0,0.0,0.0,0.0,0.0,0.0,0.0,0.0,0.0,0.0,0.0,0.0,0.0,0.0
Tunisia,0.1791781877953464,0.05273149433555739,0.20708448117539024,0.13183815192743764,0.3889583333333333,0.048975011002983036,0.12338655832703452,0.25,0.030610141822263036,0.09011437700662146,0.08115435593348957,0.00013966025340367212,0.10162732716319621,6.80345843367669e-06,0.30256033358497797,0.23090484969153452,0.029579050411723193
Turkey,0.09421557403643027,0.14602124815505887,0.12088791960004082,0.07979087931468884,0.27040816326530615,0.10262345679012345,0.3381859410430839,0.6675524376417233,0.10756865709246662,0.11558307620510921,0.0437835972599232,0.00015985334140873522,0.04057936762171481,5.0831288773679375e-05,0.16256144377241283,14.648225089975371,0.07487235230730542
Turkmenistan,1.0,0.31777777777777777,0.0,1.0,0.0,1.25,0.0,1.0,0.1111111111111111,0.3815192743764172,0.06582500542841108,0.0001844335851338083,0.017315935768494536,6.51014607986297e-05,0.08053340692532795,252.98358929232762,0.0
Uganda,0.006944444444444444,0.02300506514242778,0.0,0.027777777777777776,0.0,0.11591164166921744,0.0,0.06777777777777778,0.0,0.014209251193646303,0.05803697517687089,4.357383185996661e-05,0.020870020251236916,0.000875791514857736,0.025672312990886764,440.39222009950925,0.02477353154527485
Ukraine,0.06921860574945637,0.010400221340567272,0.015625,0.09311014182226304,0.2777777777777778,0.059382716049382715,0.08541587931468883,0.06859410430839002,0.008264462809917356,0.02142844013714653,0.05632282333675609,0.002179540343666291,0.006761237717370507,7.763944537709352e-05,0.13884845075280905,200.75326041850454,0.022646831504756097
United Arab Emirates,0.09725765306122448,0.011019200579640141,0.0,0.0,0.0,0.0625,0.0,0.0625,0.0,0.02683368939862446,0.01001516799303595,0.00010587201930988635,0.0056885954112968875,3.801196454826636e-05,0.005346501406748343,8.597466750682138,0.0
United Kingdom,0.0006250000000000001,0.002235240598466579,0.0,0.0,0.006944444444444444,0.023694937541091386,0.0,0.009546485260770975,0.009546485260770975,0.0008778952706998297,0.009254238591007392,0.0001945357402700054,0.009499373704413804,1.5772030583918716e-05,0.015370953269876095,0.36971621011025413,0.08382330347573594
United States,0.008593178279910466,0.0024163858955605993,0.008264462809917356,0.013452735260770975,0.07102853025201511,0.01670138888888889,0.036528925619834715,0.017963645024084585,0.0,0.0030647610452679136,0.0046684735035318736,5.5704876287682215e-05,0.0032857975580542712,2.5119992265336938e-05,0.05618865714546291,31.22505913465664,0.017278459084056536
Uruguay,0.0006574621959237343,0.00029726516052318666,0.0,0.0,0.008264462809917356,0.0,0.0,0.0044444444444444444,0.0,0.00021040450207425438,0.010750273569723613,9.533310288396506e-05,0.0013963507860095413,2.819475539129362e-06,0.003951623274872747,1.7091635478775145,0.19422177680964953
Uzbekistan,,1.1892361111111112,,0.0,,,,,0.1111111111111111,1.9442561098513478,0.01670913587297035,0.00018182310073988587,0.009941221166905666,0.00018083984233663845,0.0040392697911515955,41.753924698175254,0.19729726958455146
Venezuela,0.9304425118255037,0.05355171018552708,1.3599999999999999,0.8207553854875284,1.0,0.048378842277651796,0.1736111111111111,0.5069444444444444,0.12421910430839003,0.15811704524264641,0.20386976366326914,0.2054796222593496,0.020543432990344695,5.216785057368384e-05,0.27474421829524187,6.828238650960493,0.015015311728922329
Vietnam,0.25,0.0034602076124567475,0.0,0.0,1.0,0.0625,0.0,0.0,0.0,0.005270083102493075,0.019644499809343366,0.00029629280599106206,0.03385590355440577,1.9517221506648167e-05,0.015693495325852905,40.449398646024264,0.017392029153843098
Yemen,0.8309876543209878,0.06885118754109139,1.1111111111111112,0.5625,1.6111111111111112,0.18777777777777782,0.0,0.0,0.27111111111111114,0.1653918383225201,0.30990025017380607,0.00548468750659571,0.044941462475999804,6.10065449057648e-05,0.12310922624401406,0.077956489256009,0.007166414925045233
Zambia,0.03654802328234964,0.0017833255486605598,0.07484567901234568,0.08298668503213959,0.17970521541950113,0.018264462809917358,0.0,0.0,0.0,0.009094227526484196,0.4419418635734212,6.295557207503036e-05,0.11015786651816101,0.000701005100093042,0.032123375484275234,26.915283485359584,0.04272906978636602
Zimbabwe,0.08298668503213959,0.09648849567527841,0.3611111111111111,0.06777777777777778,0.3611111111111111,0.1267361111111111,0.1736111111111111,1.3611111111111112,0.0625,0.04517691592381695,0.12275966967605562,0.00038512462962981414,0.012649204194524309,0.0017515329201012934,0.05705808016864108,170.57889188154869,0.03303799508199487
